Distribution,numpy_time,numpy_mean,numpy_std,torch_time,torch_mean,torch_std,mlx_time,mlx_mean,mlx_std
normal,0.000184249877929687,0.000758348091039807,0.998467862606049,1.48296356201172e-05,0.000758348091039807,0.998467862606049,1.15394592285156e-05,0.000758348091039807,0.998467862606049
uniform,9.1552734375e-06,0.502115488052368,0.28904116153717,1.10149383544922e-05,0.502115488052368,0.28904116153717,7.82012939453125e-06,0.502115488052368,0.28904116153717
exponential,1.46865844726563e-05,0.984690964221954,0.980431079864502,1.23977661132812e-05,0.984690964221954,0.980431079864502,1.03473663330078e-05,0.984690964221954,0.980431079864502
gamma,3.10420989990234e-05,1.98792803287506,1.40160989761353,2.38418579101562e-05,1.98792803287506,1.40160989761353,2.46524810791016e-05,1.98792803287506,1.40160989761353
poisson,0.00976581573486328,5.02269983291626,2.25818181037903,0.00660333633422852,5.02269983291626,2.25818181037903,0.00905327796936035,5.02269983291626,2.25818181037903
categorical,1.20162963867187e-05,1.98619997501373,1.42204415798187,9.96589660644531e-06,1.98619997501373,1.42204415798187,1.17301940917969e-05,1.98619997501373,1.42204415798187
